City,Temperature (F),Humitidy (%),Cloudiness (%),Wind Speed (mph),Lattitude,Longitude,Distance From Equator
maceio,82.4,61.0,75.0,11.41,-9.67,-35.74,9.67
nanortalik,46.49,91.0,0.0,9.06,60.14,-45.24,60.14
dikson,45.05,88.0,88.0,13.76,73.51,80.55,73.51
morehead,80.6,74.0,75.0,4.47,38.18,-83.43,38.18
port alfred,60.53,92.0,12.0,7.38,-33.59,26.89,33.59
vaini,68.99,99.0,92.0,8.61,15.34,74.49,15.34
punta arenas,33.8,100.0,75.0,4.7,-53.16,-70.91,53.16
margate,46.4,65.0,75.0,12.75,-43.03,147.26,43.03
yellowknife,60.8,93.0,90.0,5.82,62.45,-114.38,62.45
khatanga,48.38,94.0,92.0,10.18,71.98,102.47,71.98
rikitea,75.47,96.0,20.0,11.74,-23.12,-134.97,23.12
hermanus,48.56,100.0,92.0,6.15,-34.42,19.24,34.42
jamestown,43.7,97.0,88.0,12.64,-33.21,138.6,33.21
nabire,68.18,93.0,88.0,2.01,-3.36,135.5,3.36
new norfolk,46.4,65.0,75.0,12.75,-42.78,147.06,42.78
vestmannaeyjar,51.8,81.0,75.0,8.05,63.44,-20.27,63.44
darnah,81.41,95.0,0.0,10.4,32.77,22.64,32.77
ushuaia,32.99,100.0,90.0,17.22,-54.81,-68.31,54.81
kautokeino,50.27,56.0,48.0,6.38,69.01,23.04,69.01
leh,33.35,89.0,44.0,1.57,34.16,77.58,34.16
tolaga bay,50.0,85.0,92.0,6.15,-38.37,178.3,38.37
maragogi,77.54,88.0,92.0,9.73,-9.01,-35.22,9.01
ruzhyn,70.07,77.0,0.0,5.93,49.72,29.2,49.72
butaritari,83.75,100.0,92.0,0.34,3.07,172.79,3.07
kafanchan,68.18,97.0,92.0,4.59,9.58,8.3,9.58
cabo san lucas,81.59,69.0,20.0,3.36,22.89,-109.91,22.89
hvide sande,71.6,73.0,64.0,11.41,56.01,8.13,56.01
puerto ayora,77.0,65.0,75.0,21.92,-0.74,-90.35,0.74
okhotsk,56.66,100.0,92.0,16.67,59.36,143.24,59.36
eydhafushi,83.48,97.0,92.0,13.65,5.1,73.07,5.1
corinto,84.38,50.0,64.0,7.94,-18.36,-44.46,18.36
albany,86.7,55.0,20.0,4.7,42.65,-73.75,42.65
busselton,60.08,100.0,88.0,24.27,-33.64,115.35,33.64
sioux lookout,54.36,76.0,90.0,5.82,50.1,-91.92,50.1
atuona,79.43,100.0,56.0,19.01,-9.8,-139.03,9.8
mahebourg,69.8,64.0,20.0,5.82,-20.41,57.7,20.41
geraldton,51.8,93.0,90.0,9.17,49.72,-86.95,49.72
airai,61.07,87.0,0.0,1.68,-8.93,125.41,8.93
lumphat,71.6,99.0,100.0,2.24,13.5,106.97,13.5
aklavik,44.6,93.0,90.0,10.29,68.22,-135.01,68.22
severo-kurilsk,48.38,100.0,12.0,3.69,50.68,156.12,50.68
esperance,89.6,62.0,40.0,18.34,10.24,-61.45,10.24
abalak,84.11,58.0,48.0,4.03,15.46,6.28,15.46
ribeira grande,77.0,61.0,40.0,6.93,38.52,-28.7,38.52
kapaa,75.88,78.0,90.0,14.99,22.08,-159.32,22.08
samarai,76.55,100.0,76.0,9.73,-10.62,150.67,10.62
faya,70.68,83.0,40.0,8.05,18.39,42.45,18.39
belaya gora,42.62,86.0,0.0,10.18,68.54,146.19,68.54
bluff,65.57,36.0,92.0,9.28,-23.58,149.07,23.58
mar del plata,52.07,61.0,44.0,3.58,-46.43,-67.52,46.43
carnarvon,41.0,46.0,0.0,11.74,-30.97,22.13,30.97
deputatskiy,31.73,87.0,0.0,2.68,69.3,139.9,69.3
mataura,20.93,71.0,0.0,2.91,-46.19,168.86,46.19
tasiilaq,42.8,100.0,44.0,12.97,65.61,-37.64,65.61
handan,78.44,94.0,24.0,3.02,36.58,114.48,36.58
bereda,71.6,73.0,40.0,5.82,43.27,-7.54,43.27
poum,80.6,39.0,40.0,2.24,41.28,20.71,41.28
east london,59.0,62.0,0.0,5.82,-33.02,27.91,33.02
port lincoln,53.33,98.0,80.0,19.01,-34.72,135.86,34.72
torbay,66.29,68.0,75.0,14.99,47.66,-52.73,47.66
cherskiy,38.57,86.0,12.0,4.59,68.75,161.3,68.75
mesetas,72.32,93.0,88.0,2.13,3.38,-74.04,3.38
flinders,51.8,50.0,0.0,17.22,-34.58,150.85,34.58
mgandu,66.92,49.0,0.0,9.28,-5.96,34.11,5.96
sarevere,63.41,54.0,64.0,14.32,58.79,25.43,58.79
bubaque,87.8,62.0,75.0,12.75,11.28,-15.83,11.28
carutapera,85.46,74.0,44.0,11.97,-1.2,-46.02,1.2
north bend,59.0,87.0,90.0,4.7,43.41,-124.22,43.41
bulungu,78.62,78.0,0.0,3.13,-4.54,18.6,4.54
tuktoyaktuk,41.0,86.0,90.0,8.05,69.44,-133.03,69.44
arraial do cabo,70.68,100.0,75.0,9.17,-22.97,-42.02,22.97
castro,45.5,100.0,92.0,6.38,-42.48,-73.76,42.48
lebu,52.7,99.0,92.0,3.13,8.96,38.73,8.96
hermiston,72.84,37.0,1.0,3.91,45.84,-119.29,45.84
hasaki,72.45,100.0,75.0,12.75,35.73,140.83,35.73
nemuro,57.92,100.0,12.0,10.96,43.32,145.57,43.32
san patricio,69.26,52.0,0.0,3.24,-26.98,-56.83,26.98
maumere,77.54,100.0,0.0,8.5,-8.63,122.22,8.63
college,55.98,93.0,90.0,11.41,64.86,-147.8,64.86
souillac,97.61,20.0,0.0,3.36,45.6,-0.6,45.6
hobart,46.4,65.0,75.0,12.75,-42.88,147.33,42.88
ulaanbaatar,59.0,77.0,40.0,6.71,47.92,106.92,47.92
klaksvik,51.8,100.0,92.0,14.99,62.23,-6.59,62.23
ilulissat,48.2,61.0,75.0,6.93,69.22,-51.1,69.22
sale,70.79,47.0,88.0,6.93,53.42,-2.32,53.42
saint-philippe,85.5,58.0,1.0,13.87,45.36,-73.48,45.36
salalah,78.8,88.0,75.0,4.7,17.01,54.1,17.01
peniche,77.43,60.0,20.0,13.87,39.36,-9.38,39.36
labuhan,71.87,91.0,36.0,2.35,-2.54,115.51,2.54
vila velha,86.0,58.0,20.0,19.46,-3.71,-38.6,3.71
sharqpur,82.4,83.0,75.0,10.29,31.46,74.1,31.46
nome,88.65,59.0,40.0,5.82,30.04,-94.42,30.04
saldanha,89.6,22.0,68.0,9.62,41.42,-6.55,41.42
mount gambier,47.3,80.0,92.0,8.72,-37.83,140.78,37.83
muravlenko,54.23,75.0,92.0,10.96,63.79,74.5,63.79
norman wells,59.0,93.0,75.0,10.4,65.28,-126.83,65.28
atar,103.73,24.0,0.0,4.81,20.52,-13.05,20.52
mikuni,75.2,73.0,75.0,10.29,36.22,136.15,36.22
hami,72.68,48.0,0.0,3.02,42.84,93.51,42.84
zyryanskoye,51.08,82.0,32.0,5.14,56.83,86.62,56.83
georgetown,87.8,62.0,75.0,4.7,6.8,-58.16,6.8
provideniya,46.85,100.0,92.0,10.96,64.42,-173.23,64.42
skelleftea,60.8,72.0,0.0,9.17,64.75,20.95,64.75
gazanjyk,82.85,39.0,0.0,3.36,39.24,55.52,39.24
harwich,85.33,58.0,0.0,11.41,41.69,-70.08,41.69
ozernovskiy,51.98,98.0,88.0,4.59,51.5,156.52,51.5
inhambane,75.2,78.0,75.0,11.41,-23.87,35.38,23.87
nouakchott,76.82,100.0,12.0,12.86,18.08,-15.98,18.08
tual,79.43,98.0,88.0,10.74,-5.67,132.75,5.67
sambava,74.57,100.0,0.0,14.43,-14.27,50.17,14.27
bredasdorp,53.6,87.0,92.0,17.22,-34.53,20.04,34.53
constitucion,62.6,63.0,90.0,3.36,23.99,-104.67,23.99
chuy,61.7,92.0,0.0,4.7,-33.69,-53.46,33.69
joura,78.8,94.0,75.0,2.57,26.34,77.81,26.34
hilo,60.42,78.0,90.0,3.36,19.71,-155.08,19.71
gubkin,78.89,41.0,24.0,7.94,51.28,37.53,51.28
leningradskiy,33.89,100.0,88.0,9.51,69.38,178.42,69.38
ghanzi,72.23,35.0,0.0,8.16,-21.7,21.65,21.7
bethel,53.6,100.0,90.0,11.41,60.79,-161.76,60.79
zarubino,68.81,100.0,100.0,6.38,42.65,131.06,42.65
yar-sale,55.4,80.0,92.0,13.98,66.83,70.83,66.83
codrington,48.47,58.0,0.0,4.81,-28.95,153.24,28.95
hithadhoo,81.23,100.0,92.0,9.62,-0.6,73.08,0.6
maraa,76.73,92.0,76.0,8.39,-1.83,-65.37,1.83
ventspils,69.8,64.0,40.0,12.75,57.39,21.56,57.39
semey,64.94,41.0,24.0,8.16,50.41,80.25,50.41
isla vista,65.73,78.0,1.0,8.05,34.41,-119.86,34.41
tiksi,44.51,86.0,0.0,11.52,71.64,128.87,71.64
cidreira,63.32,82.0,0.0,7.27,-30.17,-50.22,30.17
manado,80.6,61.0,40.0,9.17,1.49,124.85,1.49
farafenni,88.43,60.0,44.0,11.97,13.57,-15.6,13.57
ginda,60.35,100.0,80.0,1.34,30.69,78.49,30.69
fortuna,93.69,27.0,0.0,18.34,38.18,-1.13,38.18
barrow,68.72,47.0,8.0,10.4,-38.31,-60.23,38.31
pontianak,77.0,88.0,20.0,4.7,-0.02,109.34,0.02
las margaritas,70.7,79.0,44.0,4.81,16.32,-91.98,16.32
chokurdakh,33.89,92.0,64.0,9.17,70.62,147.9,70.62
cape town,53.6,81.0,90.0,8.05,-33.93,18.42,33.93
pacific grove,57.74,87.0,1.0,4.7,36.62,-121.92,36.62
qaanaaq,41.27,80.0,0.0,20.24,77.48,-69.36,77.48
svetlaya,63.95,92.0,56.0,9.17,46.54,138.33,46.54
faanui,80.6,98.0,8.0,11.63,-16.48,-151.75,16.48
coahuayana,78.08,71.0,24.0,3.02,18.62,-100.35,18.62
chulman,46.13,79.0,92.0,2.35,56.84,124.9,56.84
kavieng,77.18,100.0,76.0,2.8,-2.57,150.8,2.57
omboue,73.49,100.0,32.0,10.63,-1.57,9.26,1.57
kavaratti,82.76,96.0,44.0,19.57,10.57,72.64,10.57
ocean city,90.05,49.0,20.0,6.93,30.44,-86.61,30.44
mendoza,62.6,42.0,0.0,3.36,-32.89,-68.84,32.89
itacare,82.4,69.0,40.0,5.82,-14.28,-39.0,14.28
coolum beach,61.52,100.0,68.0,5.37,-26.53,153.09,26.53
kruisfontein,52.88,92.0,0.0,3.36,-34.0,24.73,34.0
burriana,89.6,52.0,20.0,11.41,39.89,-0.08,39.89
scarborough,73.4,60.0,75.0,11.41,54.28,-0.41,54.28
novyy urengoy,52.25,74.0,68.0,12.19,66.08,76.63,66.08
cockburn town,83.3,97.0,8.0,16.67,21.46,-71.14,21.46
isangel,71.33,100.0,0.0,13.31,-19.55,169.27,19.55
bilibino,45.05,69.0,8.0,2.68,68.06,166.44,68.06
mutata,70.88,88.0,92.0,2.35,7.24,-76.44,7.24
todos santos,81.82,69.0,20.0,3.36,23.45,-110.23,23.45
ewa beach,74.77,83.0,1.0,3.36,21.32,-158.01,21.32
berekum,82.22,68.0,64.0,5.7,7.45,-2.58,7.45
pudozh,58.37,85.0,44.0,9.28,61.81,36.54,61.81
waingapu,66.47,93.0,12.0,5.93,-9.65,120.26,9.65
vila franca do campo,75.2,60.0,75.0,12.75,37.72,-25.43,37.72
smithers,62.6,63.0,75.0,2.24,54.78,-127.17,54.78
ueckermunde,78.8,39.0,0.0,3.36,53.74,14.04,53.74
iqaluit,42.8,93.0,90.0,3.36,63.75,-68.52,63.75
la libertad,66.2,10.0,0.0,6.93,-16.38,-71.56,16.38
constantine,73.4,83.0,75.0,5.82,36.36,6.61,36.36
abu samrah,82.67,40.0,0.0,11.63,35.3,37.18,35.3
hovd,62.6,55.0,20.0,6.93,63.83,10.7,63.83
meybod,98.6,7.0,40.0,11.41,32.25,54.02,32.25
bambous virieux,69.8,64.0,20.0,5.82,-20.34,57.76,20.34
washougal,65.61,72.0,1.0,5.82,45.58,-122.35,45.58
dicabisagan,77.09,100.0,56.0,3.8,17.08,122.42,17.08
gat,95.0,50.0,75.0,4.7,14.69,-16.54,14.69
pevek,35.6,100.0,36.0,6.38,69.7,170.27,69.7
itaituba,91.4,55.0,40.0,2.91,-4.26,-55.99,4.26
juegang,81.32,100.0,0.0,9.17,32.31,121.18,32.31
arman,57.2,93.0,90.0,2.24,59.7,150.17,59.7
sinnamary,83.39,91.0,20.0,8.95,5.38,-52.96,5.38
nouadhibou,73.4,78.0,8.0,18.34,20.93,-17.03,20.93
changuinola,80.24,92.0,44.0,3.13,9.44,-82.52,9.44
thap than,73.85,91.0,44.0,5.7,15.46,99.89,15.46
sawakin,96.8,39.0,0.0,8.05,19.1,37.33,19.1
nara,82.4,74.0,90.0,17.22,34.68,135.8,34.68
vanimo,82.31,100.0,32.0,13.42,-2.67,141.3,2.67
saint anthony,65.57,42.0,1.0,9.17,43.97,-111.68,43.97
port elizabeth,88.11,62.0,1.0,4.7,39.31,-74.98,39.31
aden,85.73,82.0,0.0,16.22,12.79,45.03,12.79
praia da vitoria,73.4,73.0,75.0,8.84,38.73,-27.07,38.73
wadern,90.36,27.0,0.0,9.17,49.54,6.89,49.54
trapani,82.42,74.0,40.0,6.93,38.02,12.54,38.02
nexo,69.8,73.0,24.0,11.41,55.06,15.13,55.06
tabou,77.45,100.0,12.0,8.61,4.42,-7.36,4.42
kodiak,84.2,62.0,1.0,3.36,39.95,-94.76,39.95
marrakesh,109.4,12.0,20.0,10.29,31.63,-7.99,31.63
clarence town,53.6,54.0,0.0,19.46,-32.59,151.78,32.59
srednekolymsk,41.18,91.0,0.0,3.91,67.46,153.71,67.46
el sauzal,69.8,43.0,0.0,4.7,-24.3,-64.96,24.3
ust-nera,44.15,97.0,92.0,2.13,64.57,143.24,64.57
thompson,66.2,59.0,90.0,10.29,55.74,-97.86,55.74
bathsheba,87.8,62.0,40.0,25.28,13.22,-59.52,13.22
vao,63.32,62.0,44.0,13.42,59.1,26.19,59.1
coruripe,78.62,90.0,48.0,11.18,-10.12,-36.18,10.12
bandarbeyla,79.07,91.0,0.0,31.32,9.49,50.81,9.49
puerto quijarro,65.28,88.0,75.0,3.36,-19.0,-57.72,19.0
lillooet,71.6,46.0,1.0,4.7,50.69,-121.94,50.69
luwuk,77.18,87.0,20.0,6.49,-0.95,122.79,0.95
evans,67.75,68.0,90.0,6.15,40.38,-104.69,40.38
ponta do sol,76.1,73.0,32.0,4.59,-20.63,-46.0,20.63
lumeje,67.64,34.0,0.0,3.36,-11.56,20.78,11.56
sayat,96.8,28.0,0.0,16.11,38.78,63.88,38.78
zell am see,87.8,38.0,20.0,9.17,47.32,12.8,47.32
sechelt,71.58,56.0,40.0,2.24,49.47,-123.76,49.47
pochutla,84.42,74.0,75.0,5.59,15.74,-96.47,15.74
zhigansk,53.33,79.0,0.0,4.36,66.77,123.37,66.77
teyateyaneng,59.0,13.0,0.0,11.41,-29.15,27.74,29.15
havre-saint-pierre,69.8,88.0,90.0,10.29,50.23,-63.6,50.23
platanos,84.2,54.0,20.0,10.29,35.47,23.6,35.47
nashville,89.08,52.0,20.0,9.17,36.16,-86.77,36.16
lorengau,79.79,100.0,56.0,5.37,-2.02,147.27,2.02
biak,77.18,87.0,20.0,6.49,-0.91,122.88,0.91
bouna,82.58,66.0,80.0,7.16,9.27,-3.0,9.27
avarua,73.4,78.0,75.0,9.17,-21.21,-159.78,21.21
alekseyevka,80.6,51.0,20.0,2.24,53.25,50.49,53.25
turayf,93.2,17.0,0.0,18.34,31.68,38.65,31.68
millau,91.4,29.0,0.0,9.17,44.1,3.08,44.1
taga,84.2,74.0,75.0,6.93,35.21,136.34,35.21
nikolskoye,69.8,49.0,0.0,17.9,59.7,30.79,59.7
petropavlovsk-kamchatskiy,48.2,100.0,76.0,2.24,53.05,158.65,53.05
bud,61.38,63.0,0.0,5.82,62.91,6.91,62.91
mindelo,70.86,73.0,75.0,6.93,41.31,-8.72,41.31
daru,76.28,87.0,92.0,6.38,7.99,-10.85,7.99
melfi,87.78,43.0,40.0,8.05,41.0,15.66,41.0
mae sot,72.95,97.0,76.0,3.13,16.71,98.57,16.71
saint george,86.0,35.0,20.0,8.05,39.45,22.34,39.45
ambilobe,71.15,68.0,0.0,6.71,-13.19,49.05,13.19
sitka,93.2,42.0,12.0,16.89,37.17,-99.65,37.17
lavrentiya,44.15,99.0,76.0,1.57,65.58,-170.99,65.58
thinadhoo,82.67,100.0,80.0,9.17,0.53,72.93,0.53
san carlos,89.96,58.0,80.0,10.07,9.66,-68.59,9.66
kaeo,39.65,78.0,8.0,4.14,-35.1,173.78,35.1
luderitz,55.22,86.0,0.0,9.4,-26.65,15.16,26.65
najran,96.8,13.0,40.0,6.93,17.54,44.22,17.54
monte aprazivel,64.4,82.0,90.0,9.17,-20.77,-49.71,20.77
karakol,59.9,55.0,36.0,1.23,42.49,78.39,42.49
greytown,57.2,24.0,0.0,4.81,-29.06,30.59,29.06
rafaela,72.41,50.0,0.0,13.09,-31.25,-61.49,31.25
victoria,74.17,94.0,75.0,1.12,5.28,115.24,5.28
beregovoy,79.25,79.0,0.0,9.51,46.66,38.11,46.66
portland,64.83,72.0,75.0,5.82,45.52,-122.67,45.52
dukat,68.09,66.0,8.0,1.9,42.44,22.31,42.44
kouango,78.08,76.0,0.0,2.91,4.99,19.98,4.99
huarmey,70.7,62.0,8.0,4.36,-10.07,-78.15,10.07
burgeo,60.17,95.0,92.0,11.86,47.61,-57.61,47.61
juquia,61.61,100.0,92.0,3.91,-24.32,-47.63,24.32
ternuvate,84.2,42.0,0.0,6.71,47.83,36.13,47.83
husavik,63.59,100.0,0.0,4.36,50.56,-96.99,50.56
narsaq,59.0,51.0,20.0,3.36,60.91,-46.05,60.91
pisco,62.6,77.0,90.0,5.82,-13.71,-76.2,13.71
belmonte,94.28,19.0,44.0,8.61,40.36,-7.35,40.36
tete,70.61,54.0,0.0,3.69,-16.16,33.59,16.16
qaqortoq,59.0,51.0,20.0,3.36,60.72,-46.03,60.72
ryotsu,75.65,100.0,76.0,8.61,38.08,138.43,38.08
bushehr,99.14,53.0,0.0,6.93,28.97,50.84,28.97
palmerston,86.0,55.0,1.0,16.11,43.83,-80.85,43.83
vostok,54.23,90.0,0.0,1.9,46.45,135.83,46.45
longyearbyen,50.0,71.0,75.0,14.99,78.22,15.63,78.22
padang,77.72,100.0,56.0,3.13,-0.92,100.36,0.92
roald,62.08,72.0,0.0,12.75,62.58,6.12,62.58
kaitangata,27.68,57.0,0.0,4.25,-46.28,169.85,46.28
rio gallegos,33.8,74.0,40.0,5.14,-51.62,-69.22,51.62
ampanihy,67.28,34.0,0.0,9.06,-24.69,44.75,24.69
wewak,73.4,100.0,92.0,2.57,-3.55,143.63,3.55
kem,64.76,97.0,92.0,2.57,2.68,33.77,2.68
pusad,71.33,97.0,88.0,9.73,19.91,77.57,19.91
tiznit,79.07,81.0,0.0,3.8,29.7,-9.73,29.7
foam lake,71.69,72.0,0.0,10.85,51.65,-103.53,51.65
crixas,89.69,49.0,0.0,4.59,-14.55,-49.97,14.55
wajir,86.0,37.0,0.0,6.93,1.75,40.07,1.75
chama,71.6,31.0,0.0,12.97,-11.22,33.16,11.22
kindu,82.4,51.0,0.0,2.68,-2.95,25.92,2.95
clyde river,50.0,61.0,20.0,16.11,70.47,-68.59,70.47
palmer,51.8,66.0,40.0,14.99,-34.85,139.16,34.85
hamilton,84.2,66.0,20.0,6.93,32.3,-64.78,32.3
khorinsk,58.73,82.0,24.0,4.92,52.16,109.78,52.16
paranaiba,71.33,75.0,92.0,9.62,-19.68,-51.19,19.68
tura,76.82,96.0,8.0,2.13,25.52,90.21,25.52
kudahuvadhoo,84.02,99.0,68.0,12.41,2.67,72.89,2.67
los llanos de aridane,80.6,74.0,0.0,17.22,28.66,-17.92,28.66
fort nelson,62.6,77.0,90.0,8.05,58.81,-122.69,58.81
putina,53.6,20.0,40.0,5.82,-14.91,-69.87,14.91
krasnoyarskaya,79.79,44.0,0.0,6.15,47.65,42.04,47.65
saint-joseph,88.54,58.0,0.0,5.82,43.56,6.97,43.56
lethem,87.71,72.0,20.0,9.17,3.38,-59.8,3.38
shakhta,84.2,37.0,20.0,8.95,48.64,22.31,48.64
upernavik,41.63,88.0,92.0,29.97,72.79,-56.15,72.79
damietta,86.0,66.0,0.0,9.17,31.42,31.81,31.42
yerbogachen,55.85,96.0,100.0,7.38,61.28,108.01,61.28
liyang,78.62,95.0,0.0,2.8,31.42,119.48,31.42
manuk mangkaw,76.82,100.0,56.0,2.46,4.8,119.85,4.8
sassandra,77.63,99.0,0.0,9.73,4.95,-6.09,4.95
oranjemund,59.18,96.0,0.0,9.62,-28.55,16.43,28.55
turukhansk,48.83,89.0,56.0,4.59,65.8,87.96,65.8
sao filipe,79.43,96.0,20.0,9.51,14.9,-24.5,14.9
yurty,47.3,88.0,0.0,2.24,56.05,97.64,56.05
ancud,47.12,99.0,100.0,7.27,-41.87,-73.83,41.87
el dovio,76.14,69.0,40.0,1.68,4.51,-76.24,4.51
moron,86.95,58.0,75.0,6.26,10.49,-68.2,10.49
dragomiresti,75.29,56.0,64.0,3.24,44.92,25.33,44.92
burnie,48.38,100.0,92.0,24.38,-41.05,145.91,41.05
alice springs,37.4,40.0,0.0,6.93,-23.7,133.88,23.7
kabinda,77.54,39.0,0.0,4.36,-6.14,24.49,6.14
wanning,86.0,30.0,12.0,6.93,48.64,13.53,48.64
khromtau,71.87,55.0,0.0,4.59,50.26,58.44,50.26
uyaan,69.17,97.0,76.0,4.36,7.86,124.04,7.86
carballo,68.79,73.0,40.0,5.82,43.21,-8.69,43.21
kyrylivka,78.35,57.0,12.0,5.03,47.65,37.3,47.65
necochea,65.03,73.0,8.0,8.05,-38.55,-58.74,38.55
rabat,95.0,24.0,20.0,13.87,34.02,-6.83,34.02
bella union,84.02,53.0,0.0,3.69,8.5,-73.35,8.5
touros,82.4,73.0,0.0,15.99,-5.2,-35.46,5.2
porto novo,59.0,93.0,90.0,5.82,-23.68,-45.44,23.68
sherlovaya gora,59.27,99.0,56.0,2.91,50.53,116.31,50.53
phenix city,90.86,63.0,75.0,3.36,32.47,-85.0,32.47
ostrovnoy,48.47,81.0,92.0,10.07,68.05,39.51,68.05
jaslo,77.0,41.0,0.0,9.17,49.75,21.47,49.75
effium,76.1,90.0,92.0,6.82,6.63,8.06,6.63
hakkari,60.8,72.0,75.0,12.75,61.34,23.75,61.34
namatanai,77.09,100.0,76.0,6.15,-3.66,152.44,3.66
lazaro cardenas,80.6,32.0,20.0,4.7,28.39,-105.62,28.39
morant bay,87.8,66.0,20.0,6.93,17.88,-76.41,17.88
tautira,75.2,69.0,20.0,6.93,-17.73,-149.15,17.73
haines junction,56.57,60.0,88.0,3.02,60.75,-137.51,60.75
yeppoon,66.2,88.0,90.0,1.12,-23.13,150.74,23.13
poya,67.19,100.0,56.0,6.38,-21.35,165.16,21.35
brae,57.99,82.0,20.0,16.11,60.4,-1.35,60.4
mtwara,74.93,100.0,0.0,7.05,-10.28,40.18,10.28
honiara,73.4,94.0,20.0,4.7,-9.43,159.96,9.43
marawi,69.17,97.0,76.0,4.36,8.0,124.29,8.0
chicama,62.6,88.0,90.0,8.05,-7.84,-79.15,7.84
sanmenxia,75.38,95.0,32.0,2.35,34.77,111.19,34.77
dingle,74.57,98.0,88.0,9.95,11.0,122.67,11.0
zhezkazgan,63.77,98.0,92.0,1.34,47.8,67.71,47.8
tera,82.4,78.0,40.0,12.75,34.97,32.42,34.97
kahului,72.64,78.0,40.0,18.34,20.89,-156.47,20.89
vestmanna,51.8,100.0,92.0,14.99,62.16,-7.17,62.16
oberstdorf,80.38,54.0,75.0,2.24,47.41,10.28,47.41
lasa,82.4,78.0,40.0,12.75,34.92,32.53,34.92
pandan,81.59,100.0,80.0,24.72,11.72,122.09,11.72
beringovskiy,50.27,100.0,92.0,6.71,63.05,179.32,63.05
saskylakh,52.43,71.0,0.0,9.4,71.97,114.09,71.97
port blair,82.13,100.0,92.0,26.51,11.67,92.75,11.67
pangkalanbuun,71.96,92.0,8.0,3.36,-2.68,111.62,2.68
viedma,67.64,44.0,92.0,17.22,-40.81,-62.99,40.81
lokosovo,55.85,84.0,44.0,9.17,61.13,74.84,61.13
mehamn,48.2,81.0,75.0,18.34,71.03,27.85,71.03
mandalgovi,57.92,99.0,100.0,9.17,45.76,106.27,45.76
vallenar,69.17,57.0,0.0,2.8,-28.58,-70.76,28.58
prince rupert,60.8,87.0,1.0,2.24,54.32,-130.32,54.32
talnakh,47.39,89.0,100.0,5.03,69.49,88.39,69.49
novoagansk,54.05,84.0,76.0,6.38,61.94,76.66,61.94
ca mau,81.68,87.0,88.0,8.72,9.18,105.15,9.18
xining,53.78,96.0,76.0,2.35,36.62,101.77,36.62
lukovetskiy,60.8,82.0,75.0,4.47,64.29,41.92,64.29
puqi,81.23,90.0,44.0,2.46,29.72,113.88,29.72
mozhga,71.33,57.0,80.0,8.16,56.44,52.22,56.44
namibe,65.03,99.0,0.0,12.75,-15.19,12.15,15.19
arroio grande,59.72,96.0,0.0,3.36,-32.24,-53.09,32.24
baykit,44.51,87.0,44.0,3.02,61.68,96.39,61.68
alexandria,87.35,62.0,1.0,4.7,31.31,-92.44,31.31
ilhabela,61.88,100.0,92.0,5.14,-23.78,-45.36,23.78
alofi,69.8,77.0,32.0,6.93,-19.06,-169.92,19.06
ulladulla,51.8,50.0,0.0,17.22,-35.36,150.48,35.36
san luis,74.48,26.0,0.0,13.42,-33.3,-66.34,33.3
yarim,58.19,87.0,48.0,2.57,14.3,44.38,14.3
cafarnaum,85.91,34.0,0.0,13.65,-11.69,-41.47,11.69
grantham,82.92,34.0,0.0,9.17,52.91,-0.64,52.91
shelburne,87.85,51.0,1.0,10.29,44.08,-80.2,44.08
iwaki,72.68,100.0,92.0,10.63,37.05,140.89,37.05
khani,78.8,78.0,75.0,10.29,41.96,42.96,41.96
karratha,48.74,28.0,0.0,9.73,-20.74,116.85,20.74
shu,83.03,28.0,0.0,12.19,43.6,73.76,43.6
hobyo,76.73,75.0,0.0,20.47,5.35,48.53,5.35
dire,52.7,99.0,92.0,3.13,9.18,38.92,9.18
la ronge,73.4,60.0,75.0,12.75,55.1,-105.3,55.1
harbour breton,60.08,95.0,92.0,15.66,47.48,-55.8,47.48
srandakan,62.06,95.0,0.0,2.46,-7.94,110.25,7.94
buraydah,107.6,16.0,0.0,16.11,26.33,43.97,26.33
meadow lake,73.4,60.0,5.0,13.87,54.13,-108.44,54.13
konstantinovka,74.3,73.0,8.0,5.14,47.99,28.86,47.99
quatre cocos,69.8,64.0,20.0,5.82,-20.21,57.76,20.21
okahandja,66.47,28.0,0.0,11.63,-21.98,16.91,21.98
filadelfia,74.03,71.0,12.0,8.72,-22.35,-60.04,22.35
tonantins,80.06,82.0,44.0,6.71,-2.86,-67.77,2.86
yining,71.42,94.0,8.0,2.46,29.04,114.56,29.04
halifax,82.4,58.0,20.0,6.93,44.65,-63.58,44.65
laguna,84.2,70.0,20.0,4.7,27.52,-110.01,27.52
hadishahr,86.0,35.0,20.0,13.87,38.84,45.66,38.84
esfarayen,82.4,54.0,20.0,13.87,37.08,57.51,37.08
noyabrsk,53.42,75.0,76.0,11.18,63.2,75.45,63.2
nijar,86.0,62.0,0.0,4.7,36.97,-2.21,36.97
broome,86.04,42.0,20.0,8.05,52.47,1.45,52.47
ahipara,42.8,100.0,0.0,3.13,-35.17,173.16,35.17
bireun,84.47,100.0,44.0,9.17,5.2,96.7,5.2
ucluelet,57.2,100.0,90.0,2.24,48.94,-125.55,48.94
high level,60.8,87.0,75.0,3.36,58.52,-117.13,58.52
weinan,82.4,78.0,0.0,4.47,34.5,109.46,34.5
jamame,75.2,84.0,88.0,13.09,0.07,42.75,0.07
camopi,84.47,78.0,44.0,2.8,3.17,-52.33,3.17
heihe,62.6,93.0,20.0,2.24,50.24,127.51,50.24
meulaboh,79.88,100.0,64.0,2.57,4.14,96.13,4.14
biasca,78.58,58.0,20.0,9.17,46.36,8.97,46.36
puerto el triunfo,91.4,59.0,20.0,3.36,13.27,-88.55,13.27
semirom,60.71,30.0,0.0,4.47,31.41,51.57,31.41
mezen,55.49,66.0,92.0,4.7,65.85,44.24,65.85
gizo,82.4,69.0,20.0,9.17,31.8,34.94,31.8
lata,60.35,100.0,80.0,1.34,30.78,78.62,30.78
kushima,78.26,100.0,0.0,4.47,31.5,131.29,31.5
harper,83.53,51.0,75.0,8.84,30.3,-99.24,30.3
hay river,64.4,88.0,75.0,10.29,60.82,-115.79,60.82
vaitape,80.42,97.0,0.0,12.53,-16.52,-151.75,16.52
road town,86.99,74.0,40.0,11.41,18.42,-64.62,18.42
la joya,63.86,95.0,92.0,1.12,19.61,-97.03,19.61
lakes entrance,50.9,71.0,8.0,17.0,-37.88,147.99,37.88
duliagaon,80.6,92.0,8.0,1.57,27.37,95.32,27.37
burns lake,69.35,47.0,0.0,5.48,54.23,-125.76,54.23
buchanan,82.4,69.0,75.0,5.82,5.88,-10.05,5.88
christchurch,46.4,100.0,80.0,10.29,-43.53,172.64,43.53
gejiu,64.22,98.0,88.0,2.13,23.36,103.16,23.36
okakarara,68.45,32.0,0.0,8.05,-20.59,17.46,20.59
dese,91.44,43.0,0.0,4.7,45.53,12.3,45.53
kandrian,74.03,100.0,92.0,4.25,-6.21,149.55,6.21
belawan,73.67,96.0,68.0,2.13,-0.59,114.46,0.59
saint-pierre,94.19,20.0,0.0,6.93,48.95,4.24,48.95
stranraer,69.8,68.0,20.0,17.22,51.71,-108.48,51.71
pangani,76.73,88.0,80.0,15.55,-2.37,40.57,2.37
boa vista,82.4,74.0,75.0,9.17,2.82,-60.67,2.82
san jose,71.78,100.0,76.0,1.9,15.79,120.99,15.79
hirado,82.13,100.0,0.0,14.09,33.32,129.49,33.32
xai-xai,67.82,100.0,0.0,8.61,-25.04,33.64,25.04
sarkand,69.71,72.0,44.0,2.46,45.41,79.91,45.41
saint-francois,95.0,30.0,0.0,6.93,46.42,3.91,46.42
chase,72.7,88.0,75.0,8.05,43.89,-85.64,43.89
ha giang,69.53,97.0,88.0,1.34,22.83,104.99,22.83
paamiut,44.42,93.0,0.0,11.41,61.99,-49.67,61.99
denia,86.45,74.0,12.0,16.22,38.84,0.11,38.84
feldkirchen an der donau,86.0,30.0,12.0,6.93,48.34,14.05,48.34
miri,71.06,95.0,92.0,2.24,10.31,9.75,10.31
antofagasta,59.0,72.0,20.0,11.41,-23.65,-70.4,23.65
mapastepec,82.94,81.0,12.0,2.57,15.44,-92.9,15.44
ocampo,79.88,95.0,68.0,9.73,13.56,123.37,13.56
fairbanks,55.98,93.0,90.0,11.41,64.84,-147.72,64.84
mathbaria,79.97,98.0,92.0,7.38,22.29,89.96,22.29
riyadh,104.0,11.0,40.0,13.87,24.63,46.72,24.63
awjilah,97.97,21.0,0.0,6.38,29.14,21.3,29.14
labuan,74.17,94.0,75.0,1.12,5.28,115.24,5.28
salinopolis,83.48,90.0,0.0,14.76,-0.61,-47.36,0.61
chengde,70.79,99.0,92.0,1.57,40.97,117.93,40.97
yurino,75.2,44.0,20.0,11.18,56.29,46.29,56.29
hofn,51.8,81.0,90.0,12.75,64.25,-15.21,64.25
churapcha,49.82,91.0,56.0,2.57,62.0,132.43,62.0
dwarka,82.4,78.0,75.0,4.7,28.58,77.04,28.58
redlands,78.8,47.0,1.0,1.9,34.06,-117.19,34.06
bouca,78.98,76.0,0.0,4.36,6.51,18.28,6.51
tugulym,66.2,82.0,20.0,4.47,57.06,64.64,57.06
eyrarbakki,54.36,58.0,40.0,20.8,63.86,-21.15,63.86
pangoa,70.25,86.0,80.0,2.91,-12.12,-73.0,12.12
dubbo,41.0,91.0,36.0,1.12,-32.25,148.6,32.25
batagay-alyta,38.3,84.0,0.0,2.35,67.8,130.41,67.8
castillo de teayo,78.8,83.0,75.0,4.7,20.75,-97.63,20.75
sredniy ikorets,70.25,76.0,20.0,4.03,51.07,39.76,51.07
lanja,70.88,99.0,92.0,8.39,16.84,73.55,16.84
ust-omchug,43.97,92.0,92.0,2.35,61.13,149.63,61.13
aksu,66.2,52.0,0.0,11.18,52.04,76.93,52.04
panacan,77.0,100.0,75.0,2.24,7.15,125.66,7.15
udachnyy,51.53,61.0,12.0,3.91,66.42,112.4,66.42
sao paulo de olivenca,73.85,98.0,92.0,2.91,-3.38,-68.87,3.38
karwar,69.98,99.0,92.0,2.8,14.8,74.13,14.8
mayumba,70.34,94.0,76.0,5.37,-3.44,10.65,3.44
hailey,64.4,36.0,5.0,9.17,43.52,-114.32,43.52
marystown,59.45,99.0,92.0,14.76,47.17,-55.16,47.17
hole narsipur,68.9,90.0,64.0,14.43,12.78,76.24,12.78
san joaquin,74.57,98.0,88.0,9.95,10.59,122.14,10.59
aitape,77.81,100.0,64.0,6.6,-3.15,142.36,3.15
dunhua,61.79,99.0,100.0,6.38,43.37,128.23,43.37
banjar,58.91,92.0,12.0,2.13,-7.37,108.54,7.37
tamandare,69.8,83.0,90.0,6.93,-8.28,-70.75,8.28
bolshaya glushitsa,76.55,60.0,44.0,2.46,50.24,43.59,50.24
loikaw,68.63,100.0,92.0,2.68,19.67,97.21,19.67
nikki,74.03,95.0,64.0,3.8,9.94,3.21,9.94
katsuura,78.62,85.0,0.0,6.6,33.93,134.5,33.93
boma,72.41,100.0,92.0,3.91,11.23,4.46,11.23
plettenberg bay,60.98,93.0,0.0,11.74,-34.05,23.37,34.05
yumen,63.77,55.0,0.0,6.71,40.29,97.04,40.29
goure,75.92,82.0,32.0,9.17,13.98,10.27,13.98
montepuez,72.32,54.0,0.0,8.61,-13.13,39.0,13.13
sechura,72.32,84.0,0.0,11.18,-5.56,-80.82,5.56
sayaxche,83.57,86.0,48.0,3.69,16.52,-90.17,16.52
porto murtinho,71.33,84.0,92.0,2.68,-21.7,-57.88,21.7
kulhudhuffushi,82.4,100.0,88.0,14.76,6.62,73.07,6.62
strelka,47.57,93.0,56.0,2.35,58.08,93.03,58.08
nueve de julio,69.62,42.0,0.0,5.14,-31.67,-68.39,31.67
carlisle,59.0,100.0,80.0,16.11,54.89,-2.94,54.89
plouzane,77.02,60.0,0.0,10.29,48.38,-4.62,48.38
kosai,84.2,74.0,75.0,6.93,34.71,137.53,34.71
artyom,60.8,100.0,76.0,6.93,43.36,132.19,43.36
jalu,98.06,22.0,0.0,6.82,29.03,21.55,29.03
joensuu,57.2,76.0,40.0,6.93,62.6,29.76,62.6
chapleau,73.4,69.0,40.0,5.82,47.85,-83.4,47.85
phibun mangsahan,77.0,94.0,75.0,11.41,15.24,105.23,15.24
cururupu,86.27,69.0,48.0,11.3,-1.82,-44.87,1.82
changping,78.8,88.0,0.0,4.47,40.22,116.23,40.22
osmena,79.7,95.0,68.0,10.74,12.17,124.59,12.17
bluefields,84.2,83.0,40.0,4.7,12.01,-83.77,12.01
chiredzi,74.93,57.0,0.0,7.83,-21.05,31.67,21.05
kuchera,84.38,65.0,92.0,9.17,26.99,73.97,26.99
rafraf,77.0,83.0,40.0,5.82,37.19,10.18,37.19
kingaroy,54.23,96.0,36.0,4.92,-26.54,151.84,26.54
port-cartier,64.4,93.0,90.0,3.36,50.03,-66.88,50.03
cabra,104.23,14.0,20.0,2.24,37.47,-4.43,37.47
saint-augustin,95.81,20.0,0.0,6.93,44.83,-0.61,44.83
evensk,51.17,100.0,92.0,4.59,61.92,159.24,61.92
avera,89.96,59.0,1.0,6.93,33.19,-82.53,33.19
shagonar,46.94,97.0,0.0,2.01,51.54,92.92,51.54
chernyshevskiy,50.45,79.0,44.0,4.25,63.01,112.47,63.01
sovetskiy,69.53,61.0,32.0,9.17,56.76,48.47,56.76
thouars,94.98,19.0,0.0,4.7,46.98,-0.22,46.98
chapais,71.6,73.0,90.0,9.17,49.78,-74.86,49.78
beloha,70.07,46.0,32.0,11.3,-25.17,45.06,25.17
panambi,62.51,80.0,0.0,6.49,-28.29,-53.5,28.29
bonoua,82.4,65.0,40.0,11.41,5.27,-3.6,5.27
isla mujeres,86.0,74.0,75.0,5.82,21.23,-86.73,21.23
mahanoro,65.66,96.0,0.0,4.59,-19.9,48.8,19.9
kanchipuram,87.8,55.0,40.0,8.05,12.84,79.71,12.84
sorland,57.2,76.0,40.0,16.11,67.67,12.69,67.67
urucui,98.33,22.0,0.0,10.63,-7.23,-44.56,7.23
ponta delgada,71.6,73.0,75.0,12.75,37.73,-25.67,37.73
port hardy,53.6,100.0,90.0,2.24,50.7,-127.42,50.7
biltine,80.96,62.0,32.0,5.7,14.53,20.93,14.53
ranfurly,78.62,59.0,0.0,10.51,53.41,-111.68,53.41
mecca,100.4,22.0,0.0,2.24,21.43,39.83,21.43
arvika,66.2,39.0,92.0,10.29,59.65,12.59,59.65
tapejara,68.54,76.0,88.0,4.92,-23.73,-52.87,23.73
bungu,73.67,73.0,0.0,4.7,-7.63,39.06,7.63
kumluca,67.46,62.0,8.0,1.57,36.37,30.29,36.37
kieta,76.73,100.0,56.0,3.91,-6.22,155.63,6.22
locri,86.9,48.0,20.0,10.29,38.24,16.26,38.24
dabola,75.83,81.0,64.0,6.38,10.74,-11.11,10.74
hervey bay,66.56,100.0,92.0,8.95,-25.3,152.85,25.3
san cristobal,59.0,67.0,75.0,20.8,-0.39,-78.55,0.39
minab,98.6,56.0,20.0,9.17,27.15,57.07,27.15
bajitpur,82.4,88.0,90.0,7.72,24.22,90.95,24.22
danjiangkou,78.26,95.0,0.0,1.01,32.54,111.51,32.54
laplace,87.8,62.0,40.0,5.82,30.07,-90.48,30.07
